{
    "metrics": {
        "checks": {
            "fails": 8,
            "passes": 20864,
            "value": 0
        },
        "data_received": {
            "count": 7958992,
            "rate": 6625.2200425477495
        },
        "data_sent": {
            "count": 4161456,
            "rate": 3464.0770712397484
        },
        "http_req_blocked": {
            "avg": 0.41523363836719057,
            "max": 308.0088,
            "med": 0,
            "min": 0,
            "p(90)": 0,
            "p(95)": 0
        },
        "http_req_connecting": {
            "avg": 0.19570749808355695,
            "max": 187.9924,
            "med": 0,
            "min": 0,
            "p(90)": 0,
            "p(95)": 0
        },
        "http_req_duration": {
            "avg": 1165.0885794892772,
            "max": 10221.0202,
            "med": 237.9969,
            "min": 112.982,
            "p(90)": 3120.99922,
            "p(95)": 5318.429265000001
        },
        "http_req_receiving": {
            "avg": 0.11897098026063635,
            "max": 4.0016,
            "med": 0,
            "min": 0,
            "p(90)": 0.9864,
            "p(95)": 0.9996
        },
        "http_req_sending": {
            "avg": 0.0072198256036795725,
            "max": 4.0029,
            "med": 0,
            "min": 0,
            "p(90)": 0,
            "p(95)": 0
        },
        "http_req_tls_handshaking": {
            "avg": 0.21219613357608283,
            "max": 151.0116,
            "med": 0,
            "min": 0,
            "p(90)": 0,
            "p(95)": 0
        },
        "http_req_waiting": {
            "avg": 1164.9623886834163,
            "max": 10220.0316,
            "med": 237.9964,
            "min": 112.982,
            "p(90)": 3120.9008500000014,
            "p(95)": 5318.00595
        },
        "http_reqs": {
            "count": 20872,
            "rate": 17.37425954543699
        },
        "iteration_duration": {
            "avg": 2166.1311440206937,
            "max": 11222.0321,
            "med": 1238.9900499999999,
            "min": 1112.9984,
            "p(90)": 4121.869450000001,
            "p(95)": 6319.000065
        },
        "iterations": {
            "count": 20872,
            "rate": 17.37425954543699
        },
        "vus": {
            "max": 50,
            "min": 1,
            "value": 1
        },
        "vus_max": {
            "max": 50,
            "min": 50,
            "value": 50
        }
    },
    "root_group": {
        "name": "",
        "path": "",
        "id": "d41d8cd98f00b204e9800998ecf8427e",
        "groups": {},
        "checks": {
            "status was 200": {
                "name": "status was 200",
                "path": "::status was 200",
                "id": "1461660757a913d4fb82ac4c5e1009de",
                "passes": 10359,
                "fails": 4
            },
            "status was 403": {
                "name": "status was 403",
                "path": "::status was 403",
                "id": "cc89a68158d4a5d10246e9428c0dc01c",
                "passes": 10505,
                "fails": 4
            }
        }
    }
}
