{
    "metrics": {
        "checks": {
            "fails": 0,
            "passes": 42,
            "value": 0
        },
        "data_received": {
            "count": 24335,
            "rate": 396.79927664250084
        },
        "data_sent": {
            "count": 3596,
            "rate": 58.63530712169439
        },
        "http_req_blocked": {
            "avg": 7.9999738095238095,
            "max": 335.9989,
            "med": 0,
            "min": 0,
            "p(90)": 0,
            "p(95)": 0
        },
        "http_req_connecting": {
            "avg": 0.9997571428571429,
            "max": 41.9898,
            "med": 0,
            "min": 0,
            "p(90)": 0,
            "p(95)": 0
        },
        "http_req_duration": {
            "avg": 450.6163,
            "max": 1725.9919,
            "med": 328.50615,
            "min": 239.9786,
            "p(90)": 680.2016799999999,
            "p(95)": 805.8184299999996,
            "thresholds": {
                "p(99)<1500": false
            }
        },
        "http_req_receiving": {
            "avg": 100.1654238095238,
            "max": 670.0141,
            "med": 1.0036,
            "min": 0,
            "p(90)": 369.9002,
            "p(95)": 396.89017499999994
        },
        "http_req_sending": {
            "avg": 0.04736666666666667,
            "max": 1.9894,
            "med": 0,
            "min": 0,
            "p(90)": 0,
            "p(95)": 0
        },
        "http_req_tls_handshaking": {
            "avg": 4.5478,
            "max": 191.0076,
            "med": 0,
            "min": 0,
            "p(90)": 0,
            "p(95)": 0
        },
        "http_req_waiting": {
            "avg": 350.4035095238094,
            "max": 1722.0193,
            "med": 304.49535000000003,
            "min": 137.0171,
            "p(90)": 383.99661,
            "p(95)": 487.31474499999956
        },
        "http_reqs": {
            "count": 42,
            "rate": 0.6848395158818589
        },
        "iteration_duration": {
            "avg": 1459.600754761905,
            "max": 3064.0162,
            "med": 1329.35185,
            "min": 1240.9851,
            "p(90)": 1681.20146,
            "p(95)": 1806.8245249999995
        },
        "iterations": {
            "count": 42,
            "rate": 0.6848395158818589
        },
        "vus": {
            "max": 1,
            "min": 1,
            "value": 1
        },
        "vus_max": {
            "max": 1,
            "min": 1,
            "value": 1
        }
    },
    "root_group": {
        "name": "",
        "path": "",
        "id": "d41d8cd98f00b204e9800998ecf8427e",
        "groups": {},
        "checks": {
            "status was 200": {
                "name": "status was 200",
                "path": "::status was 200",
                "id": "1461660757a913d4fb82ac4c5e1009de",
                "passes": 42,
                "fails": 0
            }
        }
    }
}
